"Sub Category",Product,"Market Price"
"All Purpose Cleaners","Dishwasher Tablets Powerball Classic",1699
"All Purpose Cleaners","Original All-In-One Regular Dishwasher Tablets",1699
"All Purpose Cleaners","Aio Max Dishwasher Tablets - Lemon",1499
"All Purpose Cleaners","Dishwasher Tablets",1400
"Appliances & Electricals","Smart LED Bulb - 12 Watt, Wi-Fi Enabled, Multicolour (SSK-SMW 12W)",2499
"Appliances & Electricals","Curtain Decoration Lights 138 LED 2.5 M & 8 Flashing Modes - 12 Star, Warm ",1999
"Appliances & Electricals","Decorative Party Light Golden Bell String LED Light 7 M - Multicolour",1999
"Appliances & Electricals","Decorative Party Light Golden Bell String LED Light 7 M - Warm White",1999
"Appliances & Electricals","Smart LED Bulb - 7 Watt, Wi-Fi Enabled, Multicolour (SSK-SMW 7W)",1799
"Atta, Flours & Sooji","Basmati Rice - Mogra, Broken/Tukda 5 Kg + Wheat Flour (Chakki Atta) 10 Kg",850
"Atta, Flours & Sooji","Chia Seeds Flour",850
"Atta, Flours & Sooji","Nutritional Yeast",820
"Atta, Flours & Sooji","Wheat Flour",800
"Baby Accessories","Quick Electric Sterilizer - 6 Bottles",2700
"Baby Accessories","Infant Rattle Set",899
"Baby Accessories","Rattle Set - Musical",899
"Baby Accessories","Soapy Stories Finger Puppet Bath Book - Space, 6 m+",799
"Baby Accessories","Smile 'n Scoop Suction Training Plate and Spoon Set - Pink, 9m+",799
"Baby Accessories","Soapy Stories Finger Puppet Bath Book - Ocean, 6 m+",799
"Baby Bath & Hygiene","Baby Bottle & Food Warmer Set",3299
"Baby Bath & Hygiene","Steam Steriliser With Tongs",3290
"Baby Bath & Hygiene","Mom & Baby Care Essentials Suitcase Gift Box",2399
"Baby Food & Formula","Nestle Nan Pro 3 Follow-Up Formula Powder - After 12 months, Stage 3",1260
"Baby Food & Formula","Follow Up Infant Formula Powder - Stage 2, From 6 To 12 Months",715
"Baby Food & Formula","Infant Formula Baby Food Powder - Stage 2",715
"Baby Food & Formula","Follow Up Infant Formula Powder - Stage-3, From 12 Months Onwards",715
"Baby Food & Formula","Infant Formula Powder With GOS & FOS - Stage 1, From Birth To 6 Months",715
"Baby Food & Formula","Infant Formula Baby Food Powder - Stage 1",715
"Baby Food & Formula","Premium - 3 Follow-Up Formula",595
"Bakery Snacks","Greek Yogurt - Natural, Low Fat",360
"Bakery Snacks","Greek Yogurt - Alphonso Mango",360
"Bakery Snacks","Greek Yogurt - Natural",360
"Bakery Snacks","Greek Yogurt - Strawberry",360
"Bakery Snacks","Fresho Signature Plain Bread Stick 100G + Happy Chef Pasta Sauce Arrabiata ",214
"Bakery Snacks","Greek Yogurt - Mixed Berry, No Added Sugar, Cup",210
"Bakery Snacks","Greek Yogurt - Strawberry, No Added Sugar, Cup",210
"Bakery Snacks","Greek Yogurt - Alphonso Mango, No Added Sugar, Cup",210
Bakeware,"Round Cake Mould Set - Assorted Colour",988
Bakeware,"Cake-Chocolate Moulds - Metal, Small, Grey, BB 1012 GRY",779
Bakeware,"Aluminium Large Round Mould - Assorted Colour",759
"Bath & Hand Wash","Liquid Sanitizer & Disinfectant",2500
"Bath & Hand Wash","Hand Sanitizer",2500
"Bath & Hand Wash","Hand Rub Sanitizer & Disinfectant - 80% Ethanol-Based",2500
"Bath & Hand Wash","Hand Sanitizer - 80% Alcohol Base",2500
"Bath & Hand Wash","Original Germ Protection Alcohol Based Hand Sanitizer Refill",2500
"Bath & Hand Wash","Hand Sanitizer",2450
"Bath & Hand Wash","Rose Heart Bath & Personal Care Gift Set",2000
"Bath & Hand Wash","Lavender Heart Bath Gift Set For Skin & Hair",2000
"Bath & Hand Wash","Jasmine Heart Bath Personal Care Gift Set",2000
"Bath & Hand Wash","Jasmine Heart Bath Personal Care Gift Set",2000
"Bins & Bathroom Ware","Insulated Ice Chiller Box - Assorted Colour",1720
"Bins & Bathroom Ware","Plastic Pedal Dustbin / Garbage Bin For Wet & Dry Waste - Assorted Colour",1697
"Bins & Bathroom Ware","Bathroom Set - Assorted Colour, Premium",1535
"Biscuits & Cookies","7 Grain Breakfast Cookie - Choco Chips, Soft & Chewy",480
"Biscuits & Cookies","7 Grain Breakfast Cookie - Oats & Raisins, Soft & Chewy",480
"Biscuits & Cookies","7 Grain Breakfast Cookie - Nuts & Seeds, Soft & Chewy",480
"Biscuits & Cookies","Gluten Free Salti",385
"Biscuits & Cookies","Choco Almond Nutty Cookies - Box of 2, 25 g + Choco Almond Butter Spread, 1",385
"Biscuits & Cookies","Dark Fantasy - Choco Fills",360
"Breads & Buns","Fresho Bread - Multigrain 400gm + Jus Amazin Almond Butter Dark Chocolate 1",399
"Breads & Buns","Fresho Bread Whole Wheat 400G + Jus Amazin Almond Butter Dark Chocolate 125",389
"Breads & Buns","Fresho Bread - Multigrain 400gm + Jus Amazin Cashew Butter Salted Caramel 1",349
"Breakfast Cereals","Ultimate Choco Berry",950
"Breakfast Cereals","Ultimate Choco Almond",950
"Breakfast Cereals","Gluten Free Rolled Oats",825
"Breakfast Cereals","Rolled Oats Gluten Free 1 kg + Whole Oatmeal With Chia & Real Whole Fruits ",750
"Cakes & Pastries","Italian Tiramisu Cake",799
"Cakes & Pastries","Gooey Chocolate Cake",699
"Cakes & Pastries","Carrot Cake",699
"Cakes & Pastries","Plum Cake - Christmas, Wholewheat, Eggless",599
"Car & Shoe Care","Leather Cleaner & Conditioner",700
"Car & Shoe Care","Twist Gel - Car Air Freshener, Fresh Lush Green",379
"Car & Shoe Care","Twist Gel - Car Air Freshener, Bright Tangy Delight",379
"Car & Shoe Care","Twist Gel - Car Air Freshener, Cool Surf Blue",379
"Car & Shoe Care","Twist Gel - Car Air Freshener, Petal Crush Pink",379
"Car & Shoe Care","Twist Gel - Car Air Freshener, Musk After Smoke",379
"Car & Shoe Care","Motomax Cream Polish - With Carnauba Wax",350
"Cereals & Breakfast","Organic Steelcut Oats - Gluten Free",1890
"Cereals & Breakfast","Pink City Breakfast Granola",1295
"Cereals & Breakfast","Organic Rolled Oats - Gluten Free",1190
"Cereals & Breakfast","Fibre Rich Muesli For Breakfast + Cranberry Blueberry Muesli Fibre (each 1k",1190
"Chocolates & Biscuits","Diwali Gift - Cane Delight, Large",3800
"Chocolates & Biscuits","Diwali Gift - Organica",2500
"Chocolates & Biscuits","Diwali Gift - Artistry, Large",2500
"Chocolates & Biscuits","Diwali Gift - Cane Delight, Small",2300
"Chocolates & Biscuits","Diwali Gift - Enchante",2300
"Chocolates & Candies","The Bars Quartet",1450
"Chocolates & Candies","Silk Dairy Milk - Silk Miniatures Collection",1060
"Chocolates & Candies","Ultimate Choco Almond",950
"Chocolates & Candies","Ultimate Choco Berry",950
Coffee,"Classic Instant Coffee",1060
Coffee,"Sunrise Extra Sachet",680
Coffee,"Instant Coffee - Strong",635
"Cookies, Rusk & Khari","Assorted Cookies",590
"Cookies, Rusk & Khari","Assorted Cookies",530
"Cookies, Rusk & Khari","Khari - Masala, 200 g + TGL Co.Kadak Masala Chai Instant Premix Tea, 196 g",498
"Cooking & Baking Needs","Spice Blend Combo Pack",1995
"Cooking & Baking Needs","Finely Ground Almond Meal / Flour",1800
"Cooking & Baking Needs","Cocoa Powder - Non-Alkalised",1675
"Cookware & Non Stick","Gas Stove-4 Burner Royale Plus Schott Glass, Black (40278)",12245
"Cookware & Non Stick","Gas Stove-3 Burner Royale Plus Schott Glass, Black (40177)",10695
"Cookware & Non Stick","4 Burner Gas Stove - Marvel Plus Glass Tables, GTM04 40355",9695
"Crockery & Cutlery","Lapinue Square Dinner Plate Set",4410
"Crockery & Cutlery","Lily Ville Square Medium Plate Sets",4140
"Crockery & Cutlery","Shadow Iris Dinner Plate Set",4080
"Crockery & Cutlery","Pom Pom AC Dinner Plate Set",4080
"Cuts & Sprouts","Frozen Green Peas With Slider Zip Standy Pouch",270
"Cuts & Sprouts","Pineapple and Pomegranate Cut",143
"Cuts & Sprouts","Pomelo - Peeled",135
Dairy,"Cooking Butter - Unsalted, Organic",1108
Dairy,"Nourish Toned Milk",1020
Dairy,"Almond Milk - Unsweetened",975
"Dairy & Cheese","Parmesan Cheese Grated",1350
"Dairy & Cheese","Drinking Chocolate - Original",1200
"Dairy & Cheese","Swiss Gruyere Cheese - Diced",914
"Dairy & Cheese","Cheese - Swiss Gruyere, Block",914
"Dals & Pulses","bb Popular Sona Masoori Raw Rice 10kg + Toor Dal 2kg",970
"Dals & Pulses","bb Royal Sona Masoori Raw Rice 10kg + Toor Dal 1kg + Sugar 1kg",930
"Dals & Pulses","Rice - Idli 5 Kg + Urad Gota - Whole 2 Kg + Fried Gram/Bengal Gram 500 Gm",810
"Detergents & Dishwash","Quantum Max Dishwasher Tablets - Lemon",2199
"Detergents & Dishwash","Quantum Max Dishwasher Tablets Regular",2199
"Detergents & Dishwash","Detergent Washing Powder - Matic Front Load",1590
"Detergents & Dishwash","Detergent Washing Powder - Matic Top Load",1347
"Diapers & Wipes","Premium Care Medium Diapers - Super Value Pack",3299
"Diapers & Wipes","Premium Care X-Large Diapers - Super Value Pack",3299
"Diapers & Wipes","Premium Care Large Diapers - Super Value Pack",3299
"Diapers & Wipes","Diaper Pants Super Value Box - Medium",2899
"Diapers & Wipes","Diaper Pants Super Value Box - Large",2899
"Diapers & Wipes","Diaper Pants Super Value Box - Small",2799
"Disposables, Garbage Bag","Imported Toilet Tissue Paper - Supersoft, Plain Large Economical Pack 3Ply",1150
"Disposables, Garbage Bag","3 Ply Toilet Paper",990
"Disposables, Garbage Bag","Toilet Roll - 3 Ply -100% Virgin Pulp/Paper, Pack of 4",680
"Drinks & Beverages","Silver Moon Tea",3800
"Drinks & Beverages","1837 Black Tea",3800
"Drinks & Beverages","Moroccan Mint Tea",3800
"Drinks & Beverages","Geisha Blossom Tea",3800
"Drinks & Beverages","Extra Virgin Olive Oil 2L + Olive Leaf Infusion - Olive & Lemongrass 15 g",2849
"Drinks & Beverages","Extra Virgin Olive Oil 2L + Olive Leaf Infusion - Olive & Mint Leaves 15 g",2849
"Drinks & Beverages","Extra Virgin Olive Oil 2L + Olive Leaf Infusion - Olive & Basil Leaves 15 g",2849
"Drinks & Beverages","Extra Virgin Olive Oil 2L + Olive Leaf Infusion - Classic 15 g",2849
"Drinks & Beverages","English Breakfast Tea in Hand Sewn Cotton Teabags",2300
"Drinks & Beverages","French Earl Grey Tea In Hand Sewn Cotton Teabags",2300
"Dry Fruits","Cashew/Kaju Whole 500gm + Raisins Indian 500gm+Almond Californian, Giri 500",1600
"Dry Fruits","bb Popular Californian Almond 500g + Whole Cashew 500g + Indian Kismis 200g",1450
"Dry Fruits","Walnut Kernels/Akharot Tukda 200gm + Cashew Whole 500gm + Raisins Indian 50",1360
"Edible Oils & Ghee","Olive Oil - Extra Light",5500
"Edible Oils & Ghee","Olive Oil - Extra Light",4475
"Edible Oils & Ghee","Olive Pomace Oil",4099
Eggs,"Duck Eggs",575
Eggs,"Free Range Eggs",490
Eggs,"Country (Desi) Eggs - Small, Antibiotic Residue-Free",340
"Energy & Soft Drinks","Energy Drink",3480
"Energy & Soft Drinks","Energy Drink",640
"Energy & Soft Drinks","Soft Drink",510
"Exotic Fruits & Veggies",Blueberry,419
"Exotic Fruits & Veggies","Avocado - Imported, Medium",336
"Exotic Fruits & Veggies","Kiwi - Sun Gold",299
"Feeding & Nursing","Comfy Breast Pump",899
"Feeding & Nursing","Baby Miracle 400 ml Sipper Cup - 18 m+, Purple",699
"Feeding & Nursing","Baby Bib - Boy, 0m+",699
"Feeding & Nursing","360 Degrees Spill Proof Glass - Boy, 12m+",599
"Feeding & Nursing","Glass Feeding Bottle - With Added Nipple, Pink, M Size",599
"Feminine Hygiene","Epilator SE9-9961 Legs-Body-Face",10769
"Feminine Hygiene","Battery Operator Lady Shaver",3445
"Feminine Hygiene","Gopadfree Reusable Leak-proof Period Panty, Made Up Of Premium Organic Fabr",2099
"Fish & Seafood","Rohu Fish (Large) - Curry Cut/Bengali Cut 1 kg + Mutton - Curry Cut 1 kg",1948
"Fish & Seafood","Malabar Trevally Fish (Medium) - Boneless",1249
"Fish & Seafood","Atlantic Salmon - Fillet",1190
"Flask & Casserole","Bright Star Galaxy SS Casserole",1186
"Flask & Casserole","Carafe - Thermosteel, Insulated, Hot & Cold, Silver",1185
"Flask & Casserole","Shining Star SS Casserole",1156
"Flower Bouquets, Bunches","White Orchids",344
"Flower Bouquets, Bunches","Purple Orchids",299
"Flower Bouquets, Bunches","Banana Leaf",50
"Fragrances & Deos","Good Girl Eau De Parfum For Women",7400
"Fragrances & Deos","Black Edition Eau De Parfum For Men",6600
"Fragrances & Deos","Bentley Absolute Eau De Parfum For Men",6600
"Fragrances & Deos","Man In Black Eau De Parfum",6100
"Fresh Fruits","Apple - Washington 4 pcs + Kiwi - Green 3 pcs + Pomegranate 4 pcs",659
"Fresh Fruits","Apple Shimla Economy 1kg + Mosambi 4pcs + Banana Robusta 1kg + Pomegranate ",456
"Fresh Fruits",Blueberry,419
"Fresh Vegetables","Ladies Finger + Beans French Ring + Carrot Local + Capsicum Green (500 g ea",191
"Fresh Vegetables","Palak 250g+Ladies Finger 500g+Cucumber 1kg+Capsicum Green 500g+Bottle Gourd",164
"Fresh Vegetables","Beans - French, Ring",161
"Fresheners & Repellents","Round Mist Diffuser",3600
"Fresheners & Repellents","Aroma Oil",1500
"Fresheners & Repellents","Essential Mist Automatic Fragrance+Essential Automatic Fragrance Mist(Each ",1398
"Frozen Veggies & Snacks","Large Pizza- Chicken Overload  475g+Tandoori Chicken Tikka 450g+BBQ Chicken",1447
"Frozen Veggies & Snacks","Ocean Fresh - Seerfish Prime Steaks (Individually Frozen)",649
"Frozen Veggies & Snacks","Chicken-Crispy Fries 280gm+ Crunchy Nuggets 450gm+Chicken Patty-Desi Style ",600
"Frozen Veggies & Snacks","House Party - Non Veg",600
"Frozen Veggies & Snacks","Smoked Chicken Frankfurter - 7"",600
"Fruit Juices & Drinks","Cold Extracted Juice - Life",800
"Fruit Juices & Drinks","Peach Tea Flavoured Syrup",645
"Fruit Juices & Drinks","Lemon Tea Flavoured Syrup",645
"Fruit Juices & Drinks","Hazelnut Flavoured Syrup",645
"Fruit Juices & Drinks","Coconut Water - Refreshing Flavour, Vital Electrolytes",600
"Fruit Juices & Drinks","Aloe Vera and Moringa Juice",600
"Fruit Juices & Drinks","Noni Juice",600
"Fruit Juices & Drinks","Fruit Juice - Delight, Orange",600
Gardening,"Silicon Gloves - Assorted Colour",1099
Gardening,"Home Composting Kit - Te No Smell, No Effort Aerobic",999
Gardening,"Reusable Pair Of Non-Slip Scrubbing Household Silicone Gloves Standard Size",999
Gardening,"Composter Metal Lid",750
"Gourmet Breads","Pan Blanco Bread - Gluten Free",425
"Gourmet Breads","100% Wholewheat Sourdough Fourgrain",209
"Gourmet Breads","Pain Au Levain - with Blueberries & Cranberries (Sourdough)",200
"Hair Care","Ceramic Straight Hair Straightener",3795
"Hair Care","B Long, Length And Volume Clip In Hair Extension - Dark Brown",3300
"Hair Care","Hair Styler ST300",3295
"Health & Medicine","Whey Protein Powder",6700
"Health & Medicine","Whey Protein Powder - Vanilla",5900
"Health & Medicine",Shilajit,4699
"Health Drink, Supplement","Nutritional Powder Vanilla Delight 1kg+ Nutritional Powder Premium Chocolat",2330
"Health Drink, Supplement","Slim Shake - Coffee",1800
"Health Drink, Supplement","Slim Shake - Guava",1800
"Health Drink, Supplement","Chocolate Slim Shake - Weight Control Powered By Ayurveda",1800
"Health Drink, Supplement","Nutritional Milk Powder - Vanilla",1250
"Herbs & Seasonings","Curry Leaves",149
"Herbs & Seasonings","Coriander Leaves 100 g + Garlic 250 g + Ginger 250 g + Chilli Green Long 25",109
"Herbs & Seasonings","Methi 250 g + Coriander Leaves 100 g + Palak 250 g + Curry Leaves 100 g",103
"Ice Creams & Desserts","Natural Ice Cream - Madagascar",425
"Ice Creams & Desserts","Natural Ice Cream - Tender Coconut",350
"Ice Creams & Desserts","Natural Ice Cream - Yummy Chocochip",350
"Ice Creams & Desserts","Natural Ice Cream - Sugarless Roasted Almond",325
"Ice Creams & Desserts","Natural Ice Cream - Mixed Berries",325
"Indian Mithai","Sugarfree Natural Burfi",950
"Indian Mithai","Sugarfree Khajur Acrot Roll",780
"Indian Mithai","Kaju Roll",600
"Indian Mithai","Sweetss - Badam halwa",600
"Kitchen Accessories","Steel Kitchen Fruits and Vegetable Storage Rack/Trolley/Stand,4 Layer -  Ro",3999
"Kitchen Accessories","Steel Kitchen Fruits & Vegetable Storage Rack/Trolley/Stand,3 Layer - VR102",3699
"Kitchen Accessories","Steel Kitchen Fruits & Vegetable Storage Rack/Trolley/Stand, 3 Layer - Roun",3299
Makeup,"Concealer Brush 930",1750
Makeup,"Skin Tint 0 - Porcelain",1295
Makeup,"Makeup/Cosmetic Brush Set - Blue, BB1207",909
Marinades,"Pork - Chorizo",225
"Masalas & Spices","Spanish Saffron",1550
"Masalas & Spices","Saffron - Iranian, Premium Quality",1499
"Masalas & Spices","Spanish Saffron",1100
"Men's Grooming","Deodorant Body Spray - Man Freedom EDT",5550
"Men's Grooming","Deodorant Body Spray - Men Ii EDT",3500
"Men's Grooming","Beard Kit",3300
"Mops, Brushes & Scrubs","Jumper Spin Mop - Round & Flat Refill Heads",3500
"Mops, Brushes & Scrubs","Spin Mop - Jet",3499
"Mops, Brushes & Scrubs","Jumper Spin Mop - Round Refill Heads",3000
"Mothers & Maternity","Complete Care Pregnancy Gift Box",1689
"Mothers & Maternity","Pregnancy Gift Box For Expectant Mothers",1440
"Mothers & Maternity","Specialist Skin Care Oil - Scars, Stretch Mark, Ageing, Uneven Skin Tone",1200
"Mutton & Lamb","Lamb Hind Shank - New Zealand",2499
"Mutton & Lamb","Rohu Fish (Large) - Curry Cut/Bengali Cut 1 kg + Mutton - Curry Cut 1 kg",1948
"Mutton & Lamb","Fresho Mutton Curry Cut, From Whole Carcass 1kg +Kara Coconut Milk Classic ",1629
"Non Dairy","Almond Milk - Unsweetened",975
"Non Dairy","Almond Milk Cacao - Lactose Free, Dairy Free & Vegan",600
"Non Dairy","Almond Milk - Vanilla",550
"Non Dairy","Almond Coconut - Unsweetened Milk",550
"Non Dairy","Almond Milk - Natural, Unsweetened",550
"Noodle, Pasta, Vermicelli","Noodles - Medium Egg",275
"Noodle, Pasta, Vermicelli","Sauce - Dark Soy 200G+Green Chilly 190G+Red Chilli 200G+Hakka Noodles Veg 1",225
"Noodle, Pasta, Vermicelli","Hakka Noodles - Veg",214
"Oils & Vinegar","Extra Virgin Olive Oil",7299
"Oils & Vinegar","Olive Oil - Extra Virgin",6500
"Oils & Vinegar","100% Spanish Extra Virgin Olive Oil",5995
"Oral Care","Pro 2 Cross Action Electric Rechargeable Toothbrush",4199
"Oral Care","Pro 600 Cross Action Electric Rechargeable Toothbrush - Multicolour",3199
"Oral Care","Vitality 100 Black Criss Cross Electric Rechargeable Toothbrush - Powered B",1599
"Oral Care","Vitality 100 Blue Criss Cross Electric Rechargeable Toothbrush - Powered By",1599
"Organic Fruits & Vegetables","Mango - Aphonso, Organic",194
"Organic Fruits & Vegetables","Mosambi - Organically Grown",170
"Organic Fruits & Vegetables","Pomegranate - Organically Grown",161
"Organic Staples","Desi A2 Gir Cow Ghee/Tuppa",1450
"Organic Staples","Organic Cashew/Godambi - Whole",1399
"Organic Staples","Yak Ghee/Tuppa - A2",1250
"Party & Festive Needs","Christmas Decorative Tree - Big, 5 Ft",1149
"Party & Festive Needs","Foil Balloon Set - Happy Birthday Banner Combo with Strings & Adhesive Tape",549
"Party & Festive Needs","Clean Planet Fridge Bags For Fruits & Veggies 4pcs+Fresho Dates-Kimia 500 g",535
"Pasta, Soup & Noodles","Happy Chef Pasta- Penne Rigate 500g +Sauce - Arrabiata 270g +Borges Olive O",1704
"Pasta, Soup & Noodles","San Remo Pasta 500G + Disano Olive Oil Pure 1L +American Garden Pasta Sauce",1690
"Pasta, Soup & Noodles","Happy Chef Pasta- Fusilli 500g + Sauce - Arrabiata 270g + Borges Olive Oil ",1654
"Pet Food & Accessories","Bravura Clipper",12500
"Pet Food & Accessories","Pet Food - N&D Team Breeder Puppy Top Farmina",10090
"Pet Food & Accessories","Starter Dry Dog Food - Ultra Premium",6750
"Pickles & Chutney","Homemade  Seedless Amla Pickle - No Preservatives",475
"Pickles & Chutney","Tender Mango Pickle",380
"Pickles & Chutney","Thokku - Vathakozhambu",336
"Pooja Needs","Laxmi Ganesh Saraswati Idol - Brass",1299
"Pooja Needs","Puja Hawan Copper Panchpatra S3 - Copper",1164
"Pooja Needs","Brass Fancy Kerela Samay Diya Oil Diwali Puja Lamp S10 - Golden",1027
"Pork & Other Meats","Buffalo Mince",340
"Pork & Other Meats","Ham - Pork, Luncheon",285
"Pork & Other Meats","Sausage - Pork, Cocktail",230
"Pork & Other Meats","Sausage - Pork",230
"Pork & Other Meats","Sausage - Pork, Super Bacon",230
"Ready To Cook & Eat","Cocoa Powder",650
"Ready To Cook & Eat","Quinoa Flakes",600
"Ready To Cook & Eat","Cocoa Powder Mix",446
"Rice & Rice Products","Steam Rice/Akki - Kolam",2000
"Rice & Rice Products","Ponni Raw Rice/Akki - Super Premium",1875
"Rice & Rice Products","Ponni Boiled Rice/Kusubalakki - Super Premium",1875
"Rice & Rice Products","HMT Kolam Rice/Akki",1875
"Rice & Rice Products","Boiled Rice/Beyisida Akki - Rajabogham",1800
"Salt, Sugar & Jaggery","Dhara  Oil - Groundnut 5L + Madhur Sugar - Refined 1Kg",1160
"Salt, Sugar & Jaggery","Natura Low Calorie Sweetner",950
"Salt, Sugar & Jaggery","bb Royal Sona Masoori Raw Rice 10kg + Toor Dal 1kg + Sugar 1kg",930
"Sauces, Spreads & Dips","Raw Manuka Honey K Factor - 16+",3600
"Sauces, Spreads & Dips","Raw Manuka Honey K Factor - 12+",3500
"Sauces, Spreads & Dips","Manuka Honey Multifloral",1999
"Sausages, Bacon & Salami","Pork - Parma Ham Deboned P.D.O, Sliced",972
"Sausages, Bacon & Salami","Pork - Coppa Parma Traditional, Sliced",904
"Sausages, Bacon & Salami","Pork - Speck Ham, P.G.I, Sliced",904
"Sausages, Bacon & Salami","Pork - Smoked Pancetta, P.D.O, Sliced",784
"Skin Care","Pro Signature Range - Vitamin C Brightening Facial, Aromatherapy For Profes",4900
"Skin Care","Anti-Age Serum - Gotu Kola & Chamae Rose",3450
"Skin Care","Facial Kit - Sensitive Skin",3000
"Skin Care","Facial Kit - Advance Acne",3000
"Skin Care","Antox Vit-C Formula+ 30 ml + Pigmentation Reducing Complex 30 ml",3000
"Snacks & Namkeen","Potato Chips",594
"Snacks & Namkeen","Lemon Chilli Nutty Chips, 30 g + Choco Almond Butter Spread, 175 g",390
"Snacks & Namkeen","Nutty Almonds With Orange Cocoa - Zero Refined Sugar, Prebiotics-Probiotics",325
"Snacks, Dry Fruits, Nuts","Blueberry - Dried",2880
"Snacks, Dry Fruits, Nuts",Hazelnut,1800
"Snacks, Dry Fruits, Nuts","Almond/Badam Californian 500g + Cashew/Kaju Whole 500g",1750
"Spreads, Sauces, Ketchup","Cashewnut Butter",1950
"Spreads, Sauces, Ketchup","Hon Mirin Vinegar",1200
"Spreads, Sauces, Ketchup","Acacia Honey - 100 % Pure Acacia Honey",1050
Stationery,Pliers,1319
Stationery,"KB216 Multimedia Keyboard - Wired",999
Stationery,"WM118 Wireless Mouse",999
Stationery,"Multi-Purpose Hand Tool Set",880
"Steel Utensils","Stainless Steel Dinner Set - Apple Shape, Laser + Hammered",6440
"Steel Utensils","Dinner Set - Laser Etched, Premium Stainless Steel, Glory",5999
"Steel Utensils","Stainless Steel Dinner Set - Mirror Finish",5295
"Storage & Accessories","Premium Cloth Dryer/Drying Stand - Foldable, Silver, BB 1434",8969
"Storage & Accessories","Heavy Duty Ironing Board Cum Ladder - Grey, BB1437",5899
"Storage & Accessories","Zaire Steel Iron Board/ Iron Table - Indian Circle Design",4120
"Storage & Accessories","Zaire Steel Iron Board/ Iron Table - Black Text Design",4120
Tea,"Glow - Assorted Loose Leaf Tea",1995
Tea,"Founders Private Reserve Trio",1995
Tea,"Tea Masters Private Reserve Duo",1395
Tea,"Nilgiri White Tea - Sei",1375
"Tinned & Processed Food","Durum Wheat Pasta 500g + Green Olives 450g + Olive Oil 500ml + Pasta Sauce ",1545
"Tinned & Processed Food","Green Olives - Sliced",800
"Tinned & Processed Food","Black Olives - Pitted",800
"Tinned & Processed Food","Artichokes With Herbs Fresh Italian Artichokes",750
Water,"Packaged Drinking Water",315
Water,"Mineral Water",300
Water,Smartwater,300
Water,"Mineral Water",240
Water,"Mineral Water",240
Water,"Mineral Water",240
Water,"Packaged Drinking Water",240
Water,"Packaged Drinking Water",240
