Category,Product,"Maximum Price"
"Baby Care","Baby Bottle & Food Warmer Set",3299
"Baby Care","Premium Care Medium Diapers - Super Value Pack",3299
"Baby Care","Premium Care X-Large Diapers - Super Value Pack",3299
"Baby Care","Premium Care Large Diapers - Super Value Pack",3299
"Baby Care","Steel Kitchen Fruits & Vegetable Storage Rack/Trolley/Stand, 3 Layer - Roun",3299
"Bakery, Cakes & Dairy","Cooking Butter - Unsalted, Organic",1108
"Beauty & Hygiene","Epilator SE9-9961 Legs-Body-Face",10769
Beverages,"Energy Drink",3480
"Cleaning & Household","Round Mist Diffuser",3600
"Cleaning & Household","Dry Dog Food - PRO, Expert Nutrition Starter for Mother and Pup, Special",3600
"Cleaning & Household","Stance Eau De Toilette",3600
"Cleaning & Household","Icon Gold Eau De Parfum",3600
"Cleaning & Household","Halloween Fleur Eau De Toilette",3600
"Cleaning & Household","Raw Manuka Honey K Factor - 16+",3600
"Cleaning & Household","Pace Eau De Toilette",3600
"Cleaning & Household","Halloween Tattoo Eau De Toilette",3600
"Cleaning & Household","Mass Gainer Supplement - Post Workout Formula, For Muscle Gain & Endurance",3600
"Cleaning & Household","Pace Accelerate Men Eau De Toilette",3600
"Cleaning & Household","Icon Eau De Parfum",3600
"Eggs, Meat & Fish","Aluminium Pressure Cooker - Super BLK Plus, Induction Base, Hard Anodised, ",2499
"Eggs, Meat & Fish","BCAA - Orange",2499
"Eggs, Meat & Fish","Smart LED Bulb - 12 Watt, Wi-Fi Enabled, Multicolour (SSK-SMW 12W)",2499
"Eggs, Meat & Fish","BCAA - Watermelon",2499
"Eggs, Meat & Fish","Stainless Steel Dinner Set - Laser Etched Floral",2499
"Eggs, Meat & Fish","The Shaviour Pack",2499
"Eggs, Meat & Fish","OudGold Pour Homme - Eau De Parfum",2499
"Eggs, Meat & Fish","Lamb Hind Shank - New Zealand",2499
"Foodgrains, Oil & Masala","Olive Oil - Extra Light",5500
"Foodgrains, Oil & Masala","Dog Food - Super Premium, Focus, Puppy, Limited Offer Stock",5500
"Fruits & Vegetables","2 Fold Umbrella - Auto-Open & Manual Close, Black, 27 Inches",659
"Fruits & Vegetables","Stainless Steel Lunch Box With Insulated Bag - HL-1321",659
"Fruits & Vegetables","3 Fold Umbrella - Auto-Open & Manual Close, Navy Blue",659
"Fruits & Vegetables","Apple - Washington 4 pcs + Kiwi - Green 3 pcs + Pomegranate 4 pcs",659
"Fruits & Vegetables","Serving Bowl Set - Diamond, Big",659
"Fruits & Vegetables","3 Fold Umbrella - Auto-Open & Manual Close, Black",659
"Fruits & Vegetables","Max Fresh New Sling Plastic Lunch Box/Tiffin Box With Bag - Pink",659
"Fruits & Vegetables","Max Fresh New Sling  Plastic Lunch Box With Bag - Orange",659
"Fruits & Vegetables","Stainles Steel Airtight Spice Container",659
"Gourmet & World Food","Extra Virgin Olive Oil",7299
"Kitchen, Garden & Pets","Bravura Clipper",12500
"Snacks & Branded Foods","Argan Oil",1950
"Snacks & Branded Foods","Cashewnut Butter",1950
"Snacks & Branded Foods","Argan Oil",1950
"Snacks & Branded Foods","Dog Food - German Shepherd, Adult",1950
"Snacks & Branded Foods","Kumkumadi Oil",1950
"Snacks & Branded Foods","Perfume - Dark Edt(For Men)",1950
"Snacks & Branded Foods","Classic Aluminium Pressure Cooker - CL50",1950
"Snacks & Branded Foods","Perfume - Passion Edt (For Men)",1950
"Snacks & Branded Foods","Halloween Fever Eau De Parfum",1950
"Snacks & Branded Foods","Kumkumadi Oil",1950
